{"cameraMode":{"drawMode":0,"name":"Shaded","section":"Shading Mode"},"sceneLighting":true,"audioPlay":false,"sceneViewState":{"showFog":true,"showMaterialUpdate":false,"showSkybox":true,"showFlares":true,"showImageEffects":true,"showParticleSystems":true},"in2DMode":false,"pivot":{"x":82.8203125,"y":15.685051918029786,"z":106.84394073486328},"rotation":{"x":0.03348003700375557,"y":0.7830585241317749,"z":-0.6196030378341675,"w":0.04231467470526695},"size":200.78631591796876,"orthographic":false}