{"cameraMode":{"drawMode":2,"name":"Shaded Wireframe","section":"Shading Mode"},"sceneLighting":true,"audioPlay":false,"sceneViewState":{"showFog":true,"showMaterialUpdate":false,"showSkybox":true,"showFlares":true,"showImageEffects":true,"showParticleSystems":true},"in2DMode":false,"pivot":{"x":159.41615295410157,"y":-156.2724609375,"z":182.95779418945313},"rotation":{"x":-0.33413946628570559,"y":-0.3089445233345032,"z":0.1169499084353447,"w":-0.8827382922172546},"size":356.1075744628906,"orthographic":false}