{"cameraMode":{"drawMode":2,"name":"Shaded Wireframe","section":"Shading Mode"},"sceneLighting":true,"audioPlay":false,"sceneViewState":{"showFog":true,"showMaterialUpdate":false,"showSkybox":true,"showFlares":true,"showImageEffects":true,"showParticleSystems":true},"in2DMode":false,"pivot":{"x":-43.34474563598633,"y":91.8006591796875,"z":192.18978881835938},"rotation":{"x":-0.1723962128162384,"y":-0.8229150176048279,"z":0.33138060569763186,"w":-0.4281090497970581},"size":8.835965156555176,"orthographic":false}