{"cameraMode":{"drawMode":2,"name":"Shaded Wireframe","section":"Shading Mode"},"sceneLighting":true,"audioPlay":false,"sceneViewState":{"showFog":true,"showMaterialUpdate":false,"showSkybox":true,"showFlares":true,"showImageEffects":true,"showParticleSystems":true},"in2DMode":false,"pivot":{"x":33.388519287109378,"y":86.0935287475586,"z":1.2325048446655274},"rotation":{"x":0.43832144141197207,"y":0.24158398807048798,"z":-0.12358564138412476,"w":0.8568769097328186},"size":28.143177032470704,"orthographic":false}