{"cameraMode":{"drawMode":0,"name":"Shaded","section":"Shading Mode"},"sceneLighting":true,"audioPlay":false,"sceneViewState":{"showFog":true,"showMaterialUpdate":false,"showSkybox":true,"showFlares":true,"showImageEffects":true,"showParticleSystems":true},"in2DMode":false,"pivot":{"x":17.8449649810791,"y":72.13980102539063,"z":-12.998361587524414},"rotation":{"x":0.48624294996261599,"y":0.2351452112197876,"z":-0.13771577179431916,"w":0.8302463293075562},"size":25.727516174316408,"orthographic":false}