{"cameraMode":{"drawMode":2,"name":"Shaded Wireframe","section":"Shading Mode"},"sceneLighting":true,"audioPlay":false,"sceneViewState":{"showFog":true,"showMaterialUpdate":false,"showSkybox":true,"showFlares":true,"showImageEffects":true,"showParticleSystems":true},"in2DMode":false,"pivot":{"x":96.82636260986328,"y":-150.5069122314453,"z":118.9695053100586},"rotation":{"x":-0.5279693603515625,"y":-0.10819408297538758,"z":0.06804359704256058,"w":-0.8395906686782837},"size":356.1075744628906,"orthographic":false}