{"cameraMode":{"drawMode":2,"name":"Shaded Wireframe","section":"Shading Mode"},"sceneLighting":true,"audioPlay":false,"sceneViewState":{"showFog":true,"showMaterialUpdate":false,"showSkybox":true,"showFlares":true,"showImageEffects":true,"showParticleSystems":true},"in2DMode":false,"pivot":{"x":0.6593472957611084,"y":-43.10118865966797,"z":24.411476135253908},"rotation":{"x":0.5246008038520813,"y":0.014046424068510533,"z":-0.008656916208565236,"w":0.8511884212493897},"size":86.193359375,"orthographic":false}