{"cameraMode":{"drawMode":2,"name":"Shaded Wireframe","section":"Shading Mode"},"sceneLighting":true,"audioPlay":false,"sceneViewState":{"showFog":true,"showMaterialUpdate":false,"showSkybox":true,"showFlares":true,"showImageEffects":true,"showParticleSystems":true},"in2DMode":false,"pivot":{"x":0.8426814079284668,"y":-17.96127700805664,"z":-17.6160888671875},"rotation":{"x":-0.0015432259533554316,"y":0.9177807569503784,"z":-0.3970685303211212,"w":-0.00356853473931551},"size":28.649723052978517,"orthographic":false}