{"cameraMode":{"drawMode":2,"name":"Shaded Wireframe","section":"Shading Mode"},"sceneLighting":true,"audioPlay":false,"sceneViewState":{"showFog":true,"showMaterialUpdate":false,"showSkybox":true,"showFlares":true,"showImageEffects":true,"showParticleSystems":true},"in2DMode":false,"pivot":{"x":-19.856279373168947,"y":-187.46914672851563,"z":95.10581970214844},"rotation":{"x":-0.41759583353996279,"y":0.4166470170021057,"z":-0.2243039309978485,"w":-0.7756975293159485},"size":288.46307373046877,"orthographic":false}