{"cameraMode":{"drawMode":2,"name":"Shaded Wireframe","section":"Shading Mode"},"sceneLighting":true,"audioPlay":false,"sceneViewState":{"showFog":true,"showMaterialUpdate":false,"showSkybox":true,"showFlares":true,"showImageEffects":true,"showParticleSystems":true},"in2DMode":false,"pivot":{"x":231.25938415527345,"y":-342.4013671875,"z":442.8317565917969},"rotation":{"x":0.4046231806278229,"y":0.09309004247188568,"z":-0.04145131632685661,"w":0.9087883234024048},"size":768.8525390625,"orthographic":false}