{"cameraMode":{"drawMode":0,"name":"Shaded","section":"Shading Mode"},"sceneLighting":true,"audioPlay":false,"sceneViewState":{"showFog":true,"showMaterialUpdate":false,"showSkybox":true,"showFlares":true,"showImageEffects":true,"showParticleSystems":true},"in2DMode":false,"pivot":{"x":387.6271667480469,"y":412.3153991699219,"z":190.5281982421875},"rotation":{"x":0.5460717678070068,"y":0.021418334916234018,"z":-0.013973474502563477,"w":0.8373480439186096},"size":381.3546447753906,"orthographic":false}