{"cameraMode":{"drawMode":2,"name":"Shaded Wireframe","section":"Shading Mode"},"sceneLighting":true,"audioPlay":false,"sceneViewState":{"showFog":true,"showMaterialUpdate":false,"showSkybox":true,"showFlares":true,"showImageEffects":true,"showParticleSystems":true},"in2DMode":false,"pivot":{"x":119.61280059814453,"y":5.538288116455078,"z":55.475440979003909},"rotation":{"x":0.663235068321228,"y":0.09431977570056915,"z":-0.0848090723156929,"w":0.7375842332839966},"size":28.976520538330079,"orthographic":false}