{"cameraMode":{"drawMode":2,"name":"Shaded Wireframe","section":"Shading Mode"},"sceneLighting":true,"audioPlay":false,"sceneViewState":{"showFog":true,"showMaterialUpdate":false,"showSkybox":true,"showFlares":true,"showImageEffects":true,"showParticleSystems":true},"in2DMode":false,"pivot":{"x":-3.057516098022461,"y":19.936750411987306,"z":-28.39568328857422},"rotation":{"x":0.21717797219753266,"y":0.27496469020843508,"z":-0.06390514969825745,"w":0.9344218969345093},"size":50.05125427246094,"orthographic":false}