{"cameraMode":{"drawMode":0,"name":"Shaded","section":"Shading Mode"},"sceneLighting":true,"audioPlay":false,"sceneViewState":{"showFog":true,"showMaterialUpdate":false,"showSkybox":true,"showFlares":true,"showImageEffects":true,"showParticleSystems":true},"in2DMode":false,"pivot":{"x":80.65560913085938,"y":-24.24573516845703,"z":-62.40669250488281},"rotation":{"x":0.0026388936676084997,"y":0.9409409165382385,"z":-0.33848100900650027,"w":0.0073421411216259},"size":194.4884033203125,"orthographic":false}