{"cameraMode":{"drawMode":0,"name":"Shaded","section":"Shading Mode"},"sceneLighting":true,"audioPlay":false,"sceneViewState":{"showFog":true,"showMaterialUpdate":false,"showSkybox":true,"showFlares":true,"showImageEffects":true,"showParticleSystems":true},"in2DMode":false,"pivot":{"x":62.33387756347656,"y":87.33351135253906,"z":96.26670837402344},"rotation":{"x":0.3390811085700989,"y":0.6098408102989197,"z":-0.32357239723205569,"w":0.6390767693519592},"size":221.94357299804688,"orthographic":false}