{"cameraMode":{"drawMode":2,"name":"Shaded Wireframe","section":"Shading Mode"},"sceneLighting":true,"audioPlay":false,"sceneViewState":{"showFog":true,"showMaterialUpdate":false,"showSkybox":true,"showFlares":true,"showImageEffects":true,"showParticleSystems":true},"in2DMode":false,"pivot":{"x":38.52972412109375,"y":-212.0067901611328,"z":-283.0443115234375},"rotation":{"x":0.020999323576688768,"y":0.9439551830291748,"z":-0.3236585855484009,"w":0.06125987321138382},"size":419.0307922363281,"orthographic":false}