{"cameraMode":{"drawMode":2,"name":"Shaded Wireframe","section":"Shading Mode"},"sceneLighting":true,"audioPlay":false,"sceneViewState":{"showFog":true,"showMaterialUpdate":false,"showSkybox":true,"showFlares":true,"showImageEffects":true,"showParticleSystems":true},"in2DMode":false,"pivot":{"x":48.40781021118164,"y":-127.70471954345703,"z":194.3618621826172},"rotation":{"x":-0.3232232630252838,"y":-0.11796154081821442,"z":0.04064453765749931,"w":-0.9380617737770081},"size":237.42030334472657,"orthographic":false}