{"cameraMode":{"drawMode":2,"name":"Shaded Wireframe","section":"Shading Mode"},"sceneLighting":true,"audioPlay":false,"sceneViewState":{"showFog":true,"showMaterialUpdate":false,"showSkybox":true,"showFlares":true,"showImageEffects":true,"showParticleSystems":true},"in2DMode":false,"pivot":{"x":0.5181543827056885,"y":-5.862144947052002,"z":6.500533103942871},"rotation":{"x":0.41889503598213198,"y":0.019066838547587396,"z":-0.008798344060778618,"w":0.9077918529510498},"size":11.898320198059082,"orthographic":false}