{"cameraMode":{"drawMode":1,"name":"Wireframe","section":"Shading Mode"},"sceneLighting":true,"audioPlay":false,"sceneViewState":{"showFog":true,"showMaterialUpdate":false,"showSkybox":true,"showFlares":true,"showImageEffects":true,"showParticleSystems":true},"in2DMode":false,"pivot":{"x":13.079397201538086,"y":8.981060981750489,"z":1.5634479522705079},"rotation":{"x":-0.38105660676956179,"y":-0.06011185795068741,"z":0.02483726106584072,"w":-0.922261118888855},"size":22.0,"orthographic":false}