{"cameraMode":{"drawMode":2,"name":"Shaded Wireframe","section":"Shading Mode"},"sceneLighting":true,"audioPlay":false,"sceneViewState":{"showFog":true,"showMaterialUpdate":false,"showSkybox":true,"showFlares":true,"showImageEffects":true,"showParticleSystems":true},"in2DMode":false,"pivot":{"x":-6.353984832763672,"y":64.62931823730469,"z":84.00874328613281},"rotation":{"x":-0.437676340341568,"y":-0.4799039959907532,"z":0.3007764220237732,"w":-0.698330283164978},"size":47.01067352294922,"orthographic":false}