{"cameraMode":{"drawMode":2,"name":"Shaded Wireframe","section":"Shading Mode"},"sceneLighting":true,"audioPlay":false,"sceneViewState":{"showFog":true,"showMaterialUpdate":false,"showSkybox":true,"showFlares":true,"showImageEffects":true,"showParticleSystems":true},"in2DMode":false,"pivot":{"x":-9.917028427124024,"y":59.77534484863281,"z":16.518146514892579},"rotation":{"x":0.33033233880996706,"y":0.5328947901725769,"z":-0.23723560571670533,"w":0.7420397996902466},"size":28.143177032470704,"orthographic":false}